race_id,race_number,bet_type,combination,payoff,popularity
016320261001,1,3連単,1-2-4,5640,23
016320261001,1,3連複,1-2-4,1630,7
016320261001,1,2車単,1-2,1890,10
016320261001,1,2車複,1-2,1020,5
016320261001,1,ワイド,1-2,330,4
016320261001,1,ワイド,1-4,740,10
016320261001,1,ワイド,2-4,580,8
026320261001,2,3連単,5-3-4,7730,23
026320261001,2,3連複,3-4-5,830,3
026320261001,2,2車単,5-3,1640,6
026320261001,2,2車複,3-5,510,3
026320261001,2,ワイド,3-4,140,2
026320261001,2,ワイド,3-5,200,3
026320261001,2,ワイド,4-5,500,7
036320261001,3,3連単,3-5-6,560,2
036320261001,3,3連複,3-5-6,200,1
036320261001,3,2車単,3-5,300,2
036320261001,3,2車複,3-5,120,1
036320261001,3,ワイド,3-5,100,1
036320261001,3,ワイド,3-6,180,3
036320261001,3,ワイド,5-6,150,2
046320261001,4,3連単,4-5-3,7170,25
046320261001,4,3連複,3-4-5,1210,7
046320261001,4,2車単,4-5,1880,8
046320261001,4,2車複,4-5,1320,6
046320261001,4,ワイド,3-4,290,3
046320261001,4,ワイド,3-5,530,6
046320261001,4,ワイド,4-5,350,4
056320261001,5,3連単,5-3-7,820,2
056320261001,5,3連複,3-5-7,160,1
056320261001,5,2車単,5-3,410,2
056320261001,5,2車複,3-5,130,1
056320261001,5,ワイド,3-5,100,1
056320261001,5,ワイド,3-7,140,2
056320261001,5,ワイド,5-7,180,4
066320261001,6,3連単,4-7-1,730,2
066320261001,6,3連複,1-4-7,230,1
066320261001,6,2車単,4-7,360,2
066320261001,6,2車複,4-7,120,1
066320261001,6,ワイド,1-4,220,4
066320261001,6,ワイド,1-7,180,2
066320261001,6,ワイド,4-7,100,1
076320261001,7,3連単,4-5-3,17830,61
076320261001,7,3連複,3-4-5,2300,10
076320261001,7,2車単,4-5,5870,20
076320261001,7,2車複,4-5,2690,8
076320261001,7,ワイド,3-4,430,5
076320261001,7,ワイド,3-5,320,4
076320261001,7,ワイド,4-5,620,9
011220261001,1,3連単,1-2-4,600,2
011220261001,1,3連複,1-2-4,360,2
011220261001,1,2車単,1-2,190,1
011220261001,1,2車複,1-2,170,1
011220261001,1,ワイド,1-2,100,1
011220261001,1,ワイド,1-4,150,3
011220261001,1,ワイド,2-4,300,5
021220261001,2,3連単,1-2-5,990,5
021220261001,2,3連複,1-2-5,530,3
021220261001,2,2車単,1-2,150,1
021220261001,2,2車複,1-2,110,1
021220261001,2,ワイド,1-2,100,1
021220261001,2,ワイド,1-5,340,6
021220261001,2,ワイド,2-5,350,7
031220261001,3,3連単,3-5-2,21270,69
031220261001,3,3連複,2-3-5,2120,9
031220261001,3,2車単,3-5,6310,20
031220261001,3,2車複,3-5,3010,10
031220261001,3,ワイド,2-3,250,3
031220261001,3,ワイド,2-5,420,5
031220261001,3,ワイド,3-5,530,9
041220261001,4,3連単,1-6-3,540,2
041220261001,4,3連複,1-3-6,140,1
041220261001,4,2車単,1-6,320,2
041220261001,4,2車複,1-6,180,1
041220261001,4,ワイド,1-3,140,2
041220261001,4,ワイド,1-6,100,1
041220261001,4,ワイド,3-6,140,3
051220261001,5,3連単,2-1-3,980,3
051220261001,5,3連複,1-2-3,210,1
051220261001,5,2車単,2-1,560,3
051220261001,5,2車複,1-2,390,2
051220261001,5,ワイド,1-2,140,2
051220261001,5,ワイド,1-3,160,3
051220261001,5,ワイド,2-3,110,1
061220261001,6,3連単,1-3-2,330,1
061220261001,6,3連複,1-2-3,210,1
061220261001,6,2車単,1-3,200,1
061220261001,6,2車複,1-3,160,1
061220261001,6,ワイド,1-2,120,2
061220261001,6,ワイド,1-3,120,1
061220261001,6,ワイド,2-3,180,4
071220261001,7,3連単,1-5-2,1260,5
071220261001,7,3連複,1-2-5,160,1
071220261001,7,2車単,1-5,960,3
071220261001,7,2車複,1-5,690,2
071220261001,7,ワイド,1-2,100,1
071220261001,7,ワイド,1-5,150,3
071220261001,7,ワイド,2-5,150,2
012220261001,1,3連単,1-4-2,2900,9
012220261001,1,3連複,1-2-4,430,2
012220261001,1,2車単,1-4,1290,4
012220261001,1,2車複,1-4,1100,4
012220261001,1,ワイド,1-2,120,1
012220261001,1,ワイド,1-4,190,4
012220261001,1,ワイド,2-4,250,5
022220261001,2,3連単,4-2-5,5790,18
022220261001,2,3連複,2-4-5,1720,7
022220261001,2,2車単,4-2,510,3
022220261001,2,2車複,2-4,350,2
022220261001,2,ワイド,2-4,220,4
022220261001,2,ワイド,2-5,1200,13
022220261001,2,ワイド,4-5,650,9
032220261001,3,3連単,6-4-5,35140,90
032220261001,3,3連複,4-5-6,3190,12
032220261001,3,2車単,6-4,8160,23
032220261001,3,2車複,4-6,3220,11
032220261001,3,ワイド,4-5,610,8
032220261001,3,ワイド,4-6,570,7
032220261001,3,ワイド,5-6,1210,14
042220261001,4,3連単,5-3-6,20400,77
042220261001,4,3連複,3-5-6,4520,17
042220261001,4,2車単,5-3,4510,19
042220261001,4,2車複,3-5,2760,11
042220261001,4,ワイド,3-5,930,12
042220261001,4,ワイド,3-6,410,6
042220261001,4,ワイド,5-6,1130,16
052220261001,5,3連単,1-4-2,4700,14
052220261001,5,3連複,1-2-4,650,3
052220261001,5,2車単,1-4,1700,5
052220261001,5,2車複,1-4,1090,3
052220261001,5,ワイド,1-2,150,2
052220261001,5,ワイド,1-4,200,3
052220261001,5,ワイド,2-4,530,8
062220261001,6,3連単,3-1-7,8330,37
062220261001,6,3連複,1-3-7,1970,9
062220261001,6,2車単,3-1,1000,3
062220261001,6,2車複,1-3,520,2
062220261001,6,ワイド,1-3,260,3
062220261001,6,ワイド,1-7,370,7
062220261001,6,ワイド,3-7,1460,16
072220261001,7,3連単,1-3-2,1270,4
072220261001,7,3連複,1-2-3,620,4
072220261001,7,2車単,1-3,770,2
072220261001,7,2車複,1-3,470,2
072220261001,7,ワイド,1-2,240,2
072220261001,7,ワイド,1-3,240,3
072220261001,7,ワイド,2-3,500,7
015320261001,1,3連単,3-4-1,3170,13
015320261001,1,3連複,1-3-4,1100,6
015320261001,1,2車単,3-4,820,3
015320261001,1,2車複,3-4,450,2
015320261001,1,ワイド,1-3,260,3
015320261001,1,ワイド,1-4,340,6
015320261001,1,ワイド,3-4,260,4
025320261001,2,3連単,5-6-1,3550,8
025320261001,2,3連複,1-5-6,200,1
025320261001,2,2車単,5-6,2110,5
025320261001,2,2車複,5-6,1650,4
025320261001,2,ワイド,1-5,110,1
025320261001,2,ワイド,1-6,210,4
025320261001,2,ワイド,5-6,200,3
035320261001,3,3連単,1-2-7,280,2
035320261001,3,3連複,1-2-7,140,1
035320261001,3,2車単,1-2,170,1
035320261001,3,2車複,1-2,100,1
035320261001,3,ワイド,1-2,100,1
035320261001,3,ワイド,1-7,140,3
035320261001,3,ワイド,2-7,140,2
045320261001,4,3連単,1-3-4,1180,3
045320261001,4,3連複,1-3-4,510,2
045320261001,4,2車単,1-3,230,1
045320261001,4,2車複,1-3,180,1
045320261001,4,ワイド,1-3,140,1
045320261001,4,ワイド,1-4,200,2
045320261001,4,ワイド,3-4,370,8
055320261001,5,3連単,3-4-1,10030,49
055320261001,5,3連複,1-3-4,650,2
055320261001,5,2車単,3-4,3700,17
055320261001,5,2車複,3-4,2210,9
055320261001,5,ワイド,1-3,210,2
055320261001,5,ワイド,1-4,200,1
055320261001,5,ワイド,3-4,390,9
065320261001,6,3連単,5-1-3,28110,74
065320261001,6,3連複,1-3-5,360,1
065320261001,6,2車単,5-1,22200,27
065320261001,6,2車複,1-5,4570,11
065320261001,6,ワイド,1-3,130,1
065320261001,6,ワイド,1-5,280,5
065320261001,6,ワイド,3-5,200,3
075320261001,7,3連単,1-2-3,310,1
075320261001,7,3連複,1-2-3,200,1
075320261001,7,2車単,1-2,160,1
075320261001,7,2車複,1-2,130,1
075320261001,7,ワイド,1-2,100,1
075320261001,7,ワイド,1-3,160,2
075320261001,7,ワイド,2-3,170,3
018520261001,1,3連単,7-1-3,4320,12
018520261001,1,3連複,1-3-7,2790,6
018520261001,1,2車単,7-1,670,3
018520261001,1,2車複,1-7,500,2
018520261001,1,ワイド,1-3,3160,9
018520261001,1,ワイド,1-7,500,2
018520261001,1,ワイド,3-7,1530,4
028520261001,2,3連単,5-7-4,1820,7
028520261001,2,3連複,4-5-7,160,1
028520261001,2,2車単,5-7,1600,3
028520261001,2,2車複,5-7,1480,3
028520261001,2,ワイド,4-5,100,1
028520261001,2,ワイド,4-7,150,2
028520261001,2,ワイド,5-7,160,3
038520261001,3,3連単,3-5-7,1790,5
038520261001,3,3連複,3-5-7,550,3
038520261001,3,2車単,3-5,450,2
038520261001,3,2車複,3-5,200,1
038520261001,3,ワイド,3-5,120,1
038520261001,3,ワイド,3-7,250,3
038520261001,3,ワイド,5-7,360,6
048520261001,4,3連単,4-7-3,1650,4
048520261001,4,3連複,3-4-7,750,4
048520261001,4,2車単,4-7,820,3
048520261001,4,2車複,4-7,590,2
048520261001,4,ワイド,3-4,350,5
048520261001,4,ワイド,3-7,820,12
048520261001,4,ワイド,4-7,330,3
058520261001,5,3連単,1-5-4,760,1
058520261001,5,3連複,1-4-5,350,1
058520261001,5,2車単,1-5,360,1
058520261001,5,2車複,1-5,240,1
058520261001,5,ワイド,1-4,210,4
058520261001,5,ワイド,1-5,140,1
058520261001,5,ワイド,4-5,290,6
068520261001,6,3連単,7-3-5,1400,1
068520261001,6,3連複,3-5-7,860,5
068520261001,6,2車単,7-3,540,1
068520261001,6,2車複,3-7,390,2
068520261001,6,ワイド,3-5,840,11
068520261001,6,ワイド,3-7,240,2
068520261001,6,ワイド,5-7,670,8
078520261001,7,3連単,3-7-1,2570,7
078520261001,7,3連複,1-3-7,890,4
078520261001,7,2車単,3-7,210,1
078520261001,7,2車複,3-7,150,1
078520261001,7,ワイド,1-3,260,4
078520261001,7,ワイド,1-7,690,10
078520261001,7,ワイド,3-7,110,1
012520261001,1,3連単,1-4-2,480,1
012520261001,1,3連複,1-2-4,320,1
012520261001,1,2車単,1-4,180,1
012520261001,1,2車複,1-4,150,1
012520261001,1,ワイド,1-2,150,2
012520261001,1,ワイド,1-4,100,1
012520261001,1,ワイド,2-4,280,5
022520261001,2,3連単,1-7-6,2890,9
022520261001,2,3連複,1-6-7,630,3
022520261001,2,2車単,1-7,1030,5
022520261001,2,2車複,1-7,500,2
022520261001,2,ワイド,1-6,160,1
022520261001,2,ワイド,1-7,280,4
022520261001,2,ワイド,6-7,350,6
032520261001,3,3連単,3-4-1,1040,4
032520261001,3,3連複,1-3-4,440,2
032520261001,3,2車単,3-4,220,1
032520261001,3,2車複,3-4,120,1
032520261001,3,ワイド,1-3,200,4
032520261001,3,ワイド,1-4,250,5
032520261001,3,ワイド,3-4,100,1
042520261001,4,3連単,1-4-7,920,3
042520261001,4,3連複,1-4-7,400,1
042520261001,4,2車単,1-4,200,1
042520261001,4,2車複,1-4,170,1
042520261001,4,ワイド,1-4,140,1
042520261001,4,ワイド,1-7,190,2
042520261001,4,ワイド,4-7,410,9
052520261001,5,3連単,2-7-3,4140,12
052520261001,5,3連複,2-3-7,1840,7
052520261001,5,2車単,2-7,430,1
052520261001,5,2車複,2-7,250,1
052520261001,5,ワイド,2-3,880,13
052520261001,5,ワイド,2-7,160,1
052520261001,5,ワイド,3-7,1280,18
062520261001,6,3連単,7-4-3,4660,21
062520261001,6,3連複,3-4-7,410,2
062520261001,6,2車単,7-4,2680,11
062520261001,6,2車複,4-7,1050,5
062520261001,6,ワイド,3-4,220,4
062520261001,6,ワイド,3-7,130,1
062520261001,6,ワイド,4-7,300,7
072520261001,7,3連単,2-1-5,67420,118
072520261001,7,3連複,1-2-5,7290,17
072520261001,7,2車単,2-1,17260,32
072520261001,7,2車複,1-2,8340,17
072520261001,7,ワイド,1-2,3080,17
072520261001,7,ワイド,1-5,930,7
072520261001,7,ワイド,2-5,850,6
082520261001,8,3連単,7-4-3,850,1
082520261001,8,3連複,3-4-7,440,1
082520261001,8,2車単,7-4,380,2
082520261001,8,2車複,4-7,200,1
082520261001,8,ワイド,3-4,400,8
082520261001,8,ワイド,3-7,330,6
082520261001,8,ワイド,4-7,150,1
092520261001,9,3連単,2-7-6,1560,4
092520261001,9,3連複,2-6-7,820,5
092520261001,9,2車単,2-7,470,2
092520261001,9,2車複,2-7,230,1
092520261001,9,ワイド,2-6,600,8
092520261001,9,ワイド,2-7,140,1
092520261001,9,ワイド,6-7,530,7
102520261001,10,3連単,5-1-4,890,3
102520261001,10,3連複,1-4-5,200,1
102520261001,10,2車単,5-1,490,2
102520261001,10,2車複,1-5,130,1
102520261001,10,ワイド,1-4,140,2
102520261001,10,ワイド,1-5,100,1
102520261001,10,ワイド,4-5,220,4
112520261001,11,3連単,7-2-5,700,2
112520261001,11,3連複,2-5-7,450,2
112520261001,11,2車単,7-2,440,2
112520261001,11,2車複,2-7,410,2
112520261001,11,ワイド,2-5,410,6
112520261001,11,ワイド,2-7,220,3
112520261001,11,ワイド,5-7,200,2
122520261001,12,3連単,5-7-4,11580,44
122520261001,12,3連複,4-5-7,2620,12
122520261001,12,2車単,5-7,2460,11
122520261001,12,2車複,5-7,1720,7
122520261001,12,ワイド,4-5,320,4
122520261001,12,ワイド,4-7,800,16
122520261001,12,ワイド,5-7,610,11
013420261001,1,3連単,5-2-1,940,4
013420261001,1,3連複,1-2-5,350,1
013420261001,1,2車単,5-2,360,2
013420261001,1,2車複,2-5,160,1
013420261001,1,ワイド,1-2,180,2
013420261001,1,ワイド,1-5,230,5
013420261001,1,ワイド,2-5,100,1
023420261001,2,3連単,2-1-4,11490,42
023420261001,2,3連複,1-2-4,1180,5
023420261001,2,2車単,2-1,2060,10
023420261001,2,2車複,1-2,720,3
023420261001,2,ワイド,1-2,230,3
023420261001,2,ワイド,1-4,170,1
023420261001,2,ワイド,2-4,940,14
033420261001,3,3連単,1-7-4,1240,4
033420261001,3,3連複,1-4-7,190,1
033420261001,3,2車単,1-7,630,4
033420261001,3,2車複,1-7,390,2
033420261001,3,ワイド,1-4,100,1
033420261001,3,ワイド,1-7,150,3
033420261001,3,ワイド,4-7,140,2
043420261001,4,3連単,4-2-5,220,1
043420261001,4,3連複,2-4-5,130,1
043420261001,4,2車単,4-2,170,1
043420261001,4,2車複,2-4,120,1
043420261001,4,ワイド,2-4,100,1
043420261001,4,ワイド,2-5,140,3
043420261001,4,ワイド,4-5,140,2
053420261001,5,3連単,7-2-1,19560,54
053420261001,5,3連複,1-2-7,3900,14
053420261001,5,2車単,7-2,2620,9
053420261001,5,2車複,2-7,1260,6
053420261001,5,ワイド,1-2,630,9
053420261001,5,ワイド,1-7,840,11
053420261001,5,ワイド,2-7,390,5
063420261001,6,3連単,1-4-6,28040,87
063420261001,6,3連複,1-4-6,9670,26
063420261001,6,2車単,1-4,2160,9
063420261001,6,2車複,1-4,670,3
063420261001,6,ワイド,1-4,380,5
063420261001,6,ワイド,1-6,3680,20
063420261001,6,ワイド,4-6,2770,19
073420261001,7,3連単,3-5-7,990,3
073420261001,7,3連複,3-5-7,370,2
073420261001,7,2車単,3-5,350,2
073420261001,7,2車複,3-5,150,1
073420261001,7,ワイド,3-5,100,1
073420261001,7,ワイド,3-7,230,4
073420261001,7,ワイド,5-7,340,6
083420261001,8,3連単,4-6-2,19830,64
083420261001,8,3連複,2-4-6,1970,8
083420261001,8,2車単,4-6,8310,26
083420261001,8,2車複,4-6,4810,14
083420261001,8,ワイド,2-4,230,2
083420261001,8,ワイド,2-6,1360,16
083420261001,8,ワイド,4-6,790,11
093420261001,9,3連単,7-4-1,4830,19
093420261001,9,3連複,1-4-7,630,3
093420261001,9,2車単,7-4,940,4
093420261001,9,2車複,4-7,280,1
093420261001,9,ワイド,1-4,210,4
093420261001,9,ワイド,1-7,380,6
093420261001,9,ワイド,4-7,160,1
103420261001,10,3連単,7-1-4,760,3
103420261001,10,3連単,7-1-6,3050,21
103420261001,10,3連複,1-4-7,250,2
103420261001,10,3連複,1-6-7,1000,8
103420261001,10,2車単,7-1,430,2
103420261001,10,2車複,1-7,200,1
103420261001,10,ワイド,1-4,190,5
103420261001,10,ワイド,1-6,620,16
103420261001,10,ワイド,1-7,110,1
103420261001,10,ワイド,4-7,160,4
103420261001,10,ワイド,6-7,630,17
113420261001,11,3連単,7-2-3,2100,6
113420261001,11,3連複,2-3-7,450,2
113420261001,11,2車単,7-2,440,2
113420261001,11,2車複,2-7,150,1
113420261001,11,ワイド,2-3,230,4
113420261001,11,ワイド,2-7,100,1
113420261001,11,ワイド,3-7,250,5
123420261001,12,3連単,2-5-1,4460,11
123420261001,12,3連複,1-2-5,1710,7
123420261001,12,2車単,2-5,720,2
123420261001,12,2車複,2-5,400,2
123420261001,12,ワイド,1-2,620,10
123420261001,12,ワイド,1-5,790,14
123420261001,12,ワイド,2-5,180,1
014720261001,1,3連単,8-1-5,36580,141
014720261001,1,3連単,8-5-1,30710,128
014720261001,1,3連複,1-5-8,780,3
014720261001,1,2車単,8-1,16970,43
014720261001,1,2車単,8-5,15180,42
014720261001,1,2車複,1-8,4490,17
014720261001,1,2車複,5-8,3100,12
014720261001,1,ワイド,1-5,130,1
014720261001,1,ワイド,1-8,730,11
014720261001,1,ワイド,5-8,720,10
014720261001,1,枠単,6-1,1330,10
014720261001,1,枠単,6-4,1860,16
014720261001,1,枠複,1-6,490,4
014720261001,1,枠複,4-6,690,8
024720261001,2,3連単,9-4-2,9690,32
024720261001,2,3連複,2-4-9,700,2
024720261001,2,2車単,9-4,6180,18
024720261001,2,2車複,4-9,3640,11
024720261001,2,ワイド,2-4,630,11
024720261001,2,ワイド,2-9,160,1
024720261001,2,ワイド,4-9,700,12
024720261001,2,枠単,6-4,1940,8
024720261001,2,枠複,4-6,1400,7
034720261001,3,3連単,6-4-1,122330,259
034720261001,3,3連複,1-4-6,14810,45
034720261001,3,2車単,6-4,23700,51
034720261001,3,2車複,4-6,6730,21
034720261001,3,ワイド,1-4,590,6
034720261001,3,ワイド,1-6,1960,22
034720261001,3,ワイド,4-6,2880,25
034720261001,3,枠単,5-4,5070,21
034720261001,3,枠複,4-5,1510,8
044720261001,4,3連単,9-2-8,25640,92
044720261001,4,3連複,2-8-9,9690,31
044720261001,4,2車単,9-2,2240,10
044720261001,4,2車複,2-9,1350,6
044720261001,4,ワイド,2-8,1440,19
044720261001,4,ワイド,2-9,470,7
044720261001,4,ワイド,8-9,3290,25
044720261001,4,枠単,6-2,3290,18
044720261001,4,枠複,2-6,1520,7
054720261001,5,3連単,5-1-2,1390,2
054720261001,5,3連複,1-2-5,510,2
054720261001,5,2車単,5-1,390,1
054720261001,5,2車複,1-5,260,1
054720261001,5,ワイド,1-2,260,5
054720261001,5,ワイド,1-5,140,1
054720261001,5,ワイド,2-5,170,2
054720261001,5,枠単,4-1,500,2
054720261001,5,枠複,1-4,350,1
064720261001,6,3連単,9-5-3,800,1
064720261001,6,3連複,3-5-9,470,2
064720261001,6,2車単,9-5,310,1
064720261001,6,2車複,5-9,230,1
064720261001,6,ワイド,3-5,470,7
064720261001,6,ワイド,3-9,280,3
064720261001,6,ワイド,5-9,150,1
064720261001,6,枠単,6-4,270,1
064720261001,6,枠複,4-6,200,1
074720261001,7,3連単,7-3-8,19890,48
074720261001,7,3連複,3-7-8,5420,14
074720261001,7,2車単,7-3,2510,8
074720261001,7,2車複,3-7,1060,4
074720261001,7,ワイド,3-7,530,5
074720261001,7,ワイド,3-8,3010,18
074720261001,7,ワイド,7-8,3180,19
074720261001,7,枠単,5-3,2720,8
074720261001,7,枠複,3-5,1140,5
084720261001,8,3連単,9-1-8,12030,37
084720261001,8,3連複,1-8-9,6070,17
084720261001,8,2車単,9-1,310,1
084720261001,8,2車複,1-9,230,1
084720261001,8,ワイド,1-8,5430,28
084720261001,8,ワイド,1-9,150,1
084720261001,8,ワイド,8-9,2840,20
084720261001,8,枠単,6-1,310,1
084720261001,8,枠複,1-6,200,1
094720261001,9,3連単,1-7-5,1040,1
094720261001,9,3連複,1-5-7,610,2
094720261001,9,2車単,1-7,450,1
094720261001,9,2車複,1-7,420,1
094720261001,9,ワイド,1-5,210,2
094720261001,9,ワイド,1-7,250,3
094720261001,9,ワイド,5-7,740,9
094720261001,9,枠単,1-5,530,2
094720261001,9,枠複,1-5,410,2
104720261001,10,3連単,7-2-9,1300,3
104720261001,10,3連複,2-7-9,650,3
104720261001,10,2車単,7-2,190,1
104720261001,10,2車複,2-7,150,1
104720261001,10,ワイド,2-7,110,1
104720261001,10,ワイド,2-9,490,8
104720261001,10,ワイド,7-9,320,6
104720261001,10,枠単,5-2,190,1
104720261001,10,枠複,2-5,140,1
114720261001,11,3連単,3-6-4,267490,206
114720261001,11,3連複,3-4-6,50550,55
114720261001,11,2車単,3-6,8370,15
114720261001,11,2車複,3-6,6560,12
114720261001,11,ワイド,3-4,9730,28
114720261001,11,ワイド,3-6,4740,17
114720261001,11,ワイド,4-6,21090,36
114720261001,11,枠単,3-5,10520,22
114720261001,11,枠複,3-5,6120,13
124720261001,12,3連単,3-2-6,65210,197
124720261001,12,3連複,2-3-6,11880,44
124720261001,12,2車単,3-2,3260,8
124720261001,12,2車複,2-3,1950,6
124720261001,12,ワイド,2-3,510,5
124720261001,12,ワイド,2-6,2460,32
124720261001,12,ワイド,3-6,1560,22
124720261001,12,枠単,3-2,3340,19
124720261001,12,枠複,2-3,1910,12
018320261001,1,3連単,7-3-4,83250,137
018320261001,1,3連複,3-4-7,3880,11
018320261001,1,2車単,7-3,8430,22
018320261001,1,2車複,3-7,2510,8
018320261001,1,ワイド,3-4,640,6
018320261001,1,ワイド,3-7,320,4
018320261001,1,ワイド,4-7,1820,18
028320261001,2,3連単,7-1-5,160,1
028320261001,2,3連複,1-5-7,110,1
028320261001,2,2車単,7-1,110,1
028320261001,2,2車複,1-7,100,1
028320261001,2,ワイド,1-5,130,3
028320261001,2,ワイド,1-7,100,1
028320261001,2,ワイド,5-7,110,2
038320261001,3,3連単,1-4-3,1010,4
038320261001,3,3連複,1-3-4,610,3
038320261001,3,2車単,1-4,150,1
038320261001,3,2車複,1-4,120,1
038320261001,3,ワイド,1-3,430,7
038320261001,3,ワイド,1-4,100,1
038320261001,3,ワイド,3-4,490,8
048320261001,4,3連単,1-5-3,210,1
048320261001,4,3連複,1-3-5,140,1
048320261001,4,2車単,1-5,140,1
048320261001,4,2車複,1-5,130,1
048320261001,4,ワイド,1-3,120,2
048320261001,4,ワイド,1-5,100,1
048320261001,4,ワイド,3-5,140,3
058320261001,5,3連単,4-1-5,2230,9
058320261001,5,3連複,1-4-5,390,2
058320261001,5,2車単,4-1,1330,4
058320261001,5,2車複,1-4,920,3
058320261001,5,ワイド,1-4,240,4
058320261001,5,ワイド,1-5,310,6
058320261001,5,ワイド,4-5,100,1
068320261001,6,3連単,7-1-2,740,3
068320261001,6,3連複,1-2-7,390,2
068320261001,6,2車単,7-1,210,1
068320261001,6,2車複,1-7,210,1
068320261001,6,ワイド,1-2,370,5
068320261001,6,ワイド,1-7,150,2
068320261001,6,ワイド,2-7,210,3
078320261001,7,3連単,7-1-3,270,1
078320261001,7,3連複,1-3-7,190,1
078320261001,7,2車単,7-1,180,1
078320261001,7,2車複,1-7,150,1
078320261001,7,ワイド,1-3,210,4
078320261001,7,ワイド,1-7,110,1
078320261001,7,ワイド,3-7,140,3
088320261001,8,3連単,3-2-7,31440,78
088320261001,8,3連複,2-3-7,4720,15
088320261001,8,2車単,3-2,4540,16
088320261001,8,2車複,2-3,1980,8
088320261001,8,ワイド,2-3,720,9
088320261001,8,ワイド,2-7,460,7
088320261001,8,ワイド,3-7,360,5
098320261001,9,3連単,1-5-3,990,4
098320261001,9,3連複,1-3-5,560,4
098320261001,9,2車単,1-5,180,1
098320261001,9,2車複,1-5,120,1
098320261001,9,ワイド,1-3,360,8
098320261001,9,ワイド,1-5,100,1
098320261001,9,ワイド,3-5,410,9
108320261001,10,3連単,7-3-4,270,1
108320261001,10,3連複,3-4-7,130,1
108320261001,10,2車単,7-3,190,1
108320261001,10,2車複,3-7,100,1
108320261001,10,ワイド,3-4,120,3
108320261001,10,ワイド,3-7,100,1
108320261001,10,ワイド,4-7,110,2
118320261001,11,3連単,2-5-7,7840,23
118320261001,11,3連複,2-5-7,1370,4
118320261001,11,2車単,2-5,770,2
118320261001,11,2車複,2-5,220,1
118320261001,11,ワイド,2-5,170,1
118320261001,11,ワイド,2-7,810,13
118320261001,11,ワイド,5-7,510,7
011220261002,1,3連単,2-3-4,6640,21
011220261002,1,3連複,2-3-4,1520,5
011220261002,1,2車単,2-3,1960,7
011220261002,1,2車複,2-3,950,4
011220261002,1,ワイド,2-3,240,3
011220261002,1,ワイド,2-4,330,5
011220261002,1,ワイド,3-4,380,6
021220261002,2,3連単,2-3-6,10410,27
021220261002,2,3連複,2-3-6,4070,12
021220261002,2,2車単,2-3,250,1
021220261002,2,2車複,2-3,280,1
021220261002,2,ワイド,2-3,150,1
021220261002,2,ワイド,2-6,1290,13
021220261002,2,ワイド,3-6,2490,17
031220261002,3,3連単,1-2-5,440,2
031220261002,3,3連複,1-2-5,170,1
031220261002,3,2車単,1-2,220,2
031220261002,3,2車複,1-2,120,1
031220261002,3,ワイド,1-2,100,1
031220261002,3,ワイド,1-5,140,3
031220261002,3,ワイド,2-5,130,2
041220261002,4,3連単,6-1-7,57690,124
041220261002,4,3連複,1-6-7,7510,23
041220261002,4,2車単,6-1,4660,17
041220261002,4,2車複,1-6,810,4
041220261002,4,ワイド,1-6,470,6
041220261002,4,ワイド,1-7,680,10
041220261002,4,ワイド,6-7,3530,21
051220261002,5,3連単,1-4-2,1870,5
051220261002,5,3連複,1-2-4,670,3
051220261002,5,2車単,1-4,290,1
051220261002,5,2車複,1-4,200,1
051220261002,5,ワイド,1-2,300,6
051220261002,5,ワイド,1-4,150,1
051220261002,5,ワイド,2-4,470,8
061220261002,6,3連単,3-5-1,19780,44
061220261002,6,3連複,1-3-5,1580,5
061220261002,6,2車単,3-5,6360,15
061220261002,6,2車複,3-5,3810,8
061220261002,6,ワイド,1-3,160,2
061220261002,6,ワイド,1-5,550,7
061220261002,6,ワイド,3-5,740,8
071220261002,7,3連単,2-3-6,8850,30
071220261002,7,3連複,2-3-6,3100,10
071220261002,7,2車単,2-3,2720,9
071220261002,7,2車複,2-3,960,4
071220261002,7,ワイド,2-3,380,6
071220261002,7,ワイド,2-6,280,3
071220261002,7,ワイド,3-6,1210,15
012220261002,1,3連単,2-5-1,1010,1
012220261002,1,3連複,1-2-5,600,3
012220261002,1,2車単,2-5,450,1
012220261002,1,2車複,2-5,360,2
012220261002,1,ワイド,1-2,360,5
012220261002,1,ワイド,1-5,440,8
012220261002,1,ワイド,2-5,190,2
022220261002,2,3連単,5-4-1,85200,145
022220261002,2,3連複,1-4-5,3170,12
022220261002,2,2車単,5-4,18400,34
022220261002,2,2車複,4-5,9790,17
022220261002,2,ワイド,1-4,280,3
022220261002,2,ワイド,1-5,710,9
022220261002,2,ワイド,4-5,2000,17
032220261002,3,3連単,1-4-3,2290,7
032220261002,3,3連複,1-3-4,490,2
032220261002,3,2車単,1-4,1160,5
032220261002,3,2車複,1-4,940,4
032220261002,3,ワイド,1-3,220,4
032220261002,3,ワイド,1-4,200,3
032220261002,3,ワイド,3-4,200,2
042220261002,4,3連単,1-3-5,10010,34
042220261002,4,3連複,1-3-5,2540,9
042220261002,4,2車単,1-3,2140,7
042220261002,4,2車複,1-3,500,3
042220261002,4,ワイド,1-3,280,4
042220261002,4,ワイド,1-5,1120,14
042220261002,4,ワイド,3-5,1190,16
052220261002,5,3連単,5-1-7,5030,12
052220261002,5,3連複,1-5-7,580,2
052220261002,5,2車単,5-1,1680,7
052220261002,5,2車複,1-5,770,3
052220261002,5,ワイド,1-5,180,2
052220261002,5,ワイド,1-7,320,4
052220261002,5,ワイド,5-7,180,1
062220261002,6,3連単,3-2-1,1290,4
062220261002,6,3連複,1-2-3,240,1
062220261002,6,2車単,3-2,450,2
062220261002,6,2車複,2-3,150,1
062220261002,6,ワイド,1-2,170,2
062220261002,6,ワイド,1-3,190,4
062220261002,6,ワイド,2-3,100,1
072220261002,7,3連単,3-1-5,4310,14
072220261002,7,3連複,1-3-5,1280,6
072220261002,7,2車単,3-1,1160,4
072220261002,7,2車複,1-3,320,1
072220261002,7,ワイド,1-3,170,1
072220261002,7,ワイド,1-5,280,4
072220261002,7,ワイド,3-5,480,8
015320261002,1,3連単,3-4-1,400,2
015320261002,1,3連複,1-3-4,130,1
015320261002,1,2車単,3-4,300,2
015320261002,1,2車複,3-4,150,1
015320261002,1,ワイド,1-3,120,3
015320261002,1,ワイド,1-4,110,2
015320261002,1,ワイド,3-4,100,1
025320261002,2,3連単,2-1-4,280,2
025320261002,2,3連複,1-2-4,130,1
025320261002,2,2車単,2-1,210,2
025320261002,2,2車複,1-2,100,1
025320261002,2,ワイド,1-2,100,1
025320261002,2,ワイド,1-4,110,2
025320261002,2,ワイド,2-4,120,3
035320261002,3,3連単,3-4-1,7580,17
035320261002,3,3連複,1-3-4,330,2
035320261002,3,2車単,3-4,4520,9
035320261002,3,2車複,3-4,1910,5
035320261002,3,ワイド,1-3,250,3
035320261002,3,ワイド,1-4,340,5
035320261002,3,ワイド,3-4,350,6
045320261002,4,3連単,2-6-4,55290,110
045320261002,4,3連複,2-4-6,7260,19
045320261002,4,2車単,2-6,7110,23
045320261002,4,2車複,2-6,7210,13
045320261002,4,ワイド,2-4,510,8
045320261002,4,ワイド,2-6,770,11
045320261002,4,ワイド,4-6,1890,16
055320261002,5,3連単,2-7-1,2620,6
055320261002,5,3連複,1-2-7,320,1
055320261002,5,2車単,2-7,1870,4
055320261002,5,2車複,2-7,1330,6
055320261002,5,ワイド,1-2,120,1
055320261002,5,ワイド,1-7,230,4
055320261002,5,ワイド,2-7,200,2
065320261002,6,3連単,4-3-1,5620,23
065320261002,6,3連複,1-3-4,580,2
065320261002,6,2車単,4-3,1380,5
065320261002,6,2車複,3-4,400,2
065320261002,6,ワイド,1-3,160,1
065320261002,6,ワイド,1-4,310,7
065320261002,6,ワイド,3-4,190,3
075320261002,7,3連単,3-1-2,4480,11
075320261002,7,3連複,1-2-3,330,1
075320261002,7,2車単,3-1,1720,6
075320261002,7,2車複,1-3,400,2
075320261002,7,ワイド,1-2,120,1
075320261002,7,ワイド,1-3,190,2
075320261002,7,ワイド,2-3,280,5
018520261002,1,3連単,1-5-7,9130,32
018520261002,1,3連複,1-5-7,3170,10
018520261002,1,2車単,1-5,570,1
018520261002,1,2車複,1-5,320,1
018520261002,1,ワイド,1-5,180,1
018520261002,1,ワイド,1-7,690,11
018520261002,1,ワイド,5-7,720,12
028520261002,2,3連単,1-7-4,1530,5
028520261002,2,3連複,1-4-7,1080,5
028520261002,2,2車単,1-7,400,2
028520261002,2,2車複,1-7,370,2
028520261002,2,ワイド,1-4,380,6
028520261002,2,ワイド,1-7,230,2
028520261002,2,ワイド,4-7,830,10
038520261002,3,3連単,3-5-1,3740,14
038520261002,3,3連複,1-3-5,560,1
038520261002,3,2車単,3-5,920,4
038520261002,3,2車複,3-5,340,2
038520261002,3,ワイド,1-3,280,5
038520261002,3,ワイド,1-5,230,3
038520261002,3,ワイド,3-5,170,2
048520261002,4,3連単,3-5-2,1760,4
048520261002,4,3連複,2-3-5,960,3
048520261002,4,2車単,3-5,420,1
048520261002,4,2車複,3-5,230,1
048520261002,4,ワイド,2-3,250,4
048520261002,4,ワイド,2-5,440,9
048520261002,4,ワイド,3-5,150,1
058520261002,5,3連単,1-3-5,670,2
058520261002,5,3連複,1-3-5,160,1
058520261002,5,2車単,1-3,470,2
058520261002,5,2車複,1-3,480,2
058520261002,5,ワイド,1-3,140,2
058520261002,5,ワイド,1-5,100,1
058520261002,5,ワイド,3-5,160,3
068520261002,6,3連単,3-4-2,1040,1
068520261002,6,3連複,2-3-4,210,1
068520261002,6,2車単,3-4,520,1
068520261002,6,2車複,3-4,260,1
068520261002,6,ワイド,2-3,120,1
068520261002,6,ワイド,2-4,150,3
068520261002,6,ワイド,3-4,130,2
078520261002,7,3連単,2-7-5,3720,14
078520261002,7,3連複,2-5-7,1230,5
078520261002,7,2車単,2-7,2420,8
078520261002,7,2車複,2-7,1020,3
078520261002,7,ワイド,2-5,820,11
078520261002,7,ワイド,2-7,490,6
078520261002,7,ワイド,5-7,510,8
012520261002,1,3連単,7-2-4,1220,4
012520261002,1,3連複,2-4-7,430,2
012520261002,1,2車単,7-2,280,2
012520261002,1,2車複,2-7,130,1
012520261002,1,ワイド,2-4,270,4
012520261002,1,ワイド,2-7,110,1
012520261002,1,ワイド,4-7,300,5
022520261002,2,3連単,4-3-5,3140,9
022520261002,2,3連複,3-4-5,850,3
022520261002,2,2車単,4-3,460,2
022520261002,2,2車複,3-4,250,1
022520261002,2,ワイド,3-4,140,1
022520261002,2,ワイド,3-5,400,7
022520261002,2,ワイド,4-5,530,10
032520261002,3,3連単,3-7-4,13450,44
032520261002,3,3連複,3-4-7,1550,8
032520261002,3,2車単,3-7,2350,8
032520261002,3,2車複,3-7,1320,6
032520261002,3,ワイド,3-4,690,11
032520261002,3,ワイド,3-7,250,3
032520261002,3,ワイド,4-7,200,2
042520261002,4,3連単,4-1-5,590,1
042520261002,4,3連複,1-4-5,330,2
042520261002,4,2車単,4-1,250,1
042520261002,4,2車複,1-4,160,1
042520261002,4,ワイド,1-4,110,1
042520261002,4,ワイド,1-5,300,5
042520261002,4,ワイド,4-5,250,4
052520261002,5,3連単,1-5-4,280,1
052520261002,5,3連複,1-4-5,190,1
052520261002,5,2車単,1-5,150,1
052520261002,5,2車複,1-5,120,1
052520261002,5,ワイド,1-4,150,3
052520261002,5,ワイド,1-5,100,1
052520261002,5,ワイド,4-5,130,2
062520261002,6,3連単,1-2-5,1580,4
062520261002,6,3連複,1-2-5,520,3
062520261002,6,2車単,1-2,520,3
062520261002,6,2車複,1-2,330,2
062520261002,6,ワイド,1-2,200,4
062520261002,6,ワイド,1-5,350,5
062520261002,6,ワイド,2-5,380,6
072520261002,7,3連単,6-3-2,34720,75
072520261002,7,3連複,2-3-6,1410,5
072520261002,7,2車単,6-3,9750,23
072520261002,7,2車複,3-6,3850,10
072520261002,7,ワイド,2-3,430,6
072520261002,7,ワイド,2-6,850,10
072520261002,7,ワイド,3-6,870,11
082520261002,8,3連単,7-5-1,33150,50
082520261002,8,3連複,1-5-7,810,3
082520261002,8,2車単,7-5,5590,12
082520261002,8,2車複,5-7,3530,9
082520261002,8,ワイド,1-5,150,2
082520261002,8,ワイド,1-7,260,4
082520261002,8,ワイド,5-7,690,10
092520261002,9,3連単,5-3-2,570,2
092520261002,9,3連複,2-3-5,360,2
092520261002,9,2車単,5-3,200,1
092520261002,9,2車複,3-5,150,1
092520261002,9,ワイド,2-3,310,6
092520261002,9,ワイド,2-5,290,4
092520261002,9,ワイド,3-5,100,1
102520261002,10,3連単,3-7-4,10700,40
102520261002,10,3連複,3-4-7,4750,13
102520261002,10,2車単,3-7,760,3
102520261002,10,2車複,3-7,480,2
102520261002,10,ワイド,3-4,600,9
102520261002,10,ワイド,3-7,210,2
102520261002,10,ワイド,4-7,1020,11
112520261002,11,3連単,1-4-5,1530,4
112520261002,11,3連複,1-4-5,220,1
112520261002,11,2車単,1-4,820,3
112520261002,11,2車複,1-4,890,3
112520261002,11,ワイド,1-4,190,2
112520261002,11,ワイド,1-5,120,1
112520261002,11,ワイド,4-5,200,4
122520261002,12,3連単,1-7-2,670,2
122520261002,12,3連複,1-2-7,270,1
122520261002,12,2車単,1-7,210,1
122520261002,12,2車複,1-7,140,1
122520261002,12,ワイド,1-2,160,2
122520261002,12,ワイド,1-7,120,1
122520261002,12,ワイド,2-7,280,5
013420261002,1,3連単,6-3-2,5680,14
013420261002,1,3連複,2-3-6,2030,6
013420261002,1,2車単,6-3,2100,6
013420261002,1,2車複,3-6,1090,3
013420261002,1,ワイド,2-3,840,11
013420261002,1,ワイド,2-6,800,9
013420261002,1,ワイド,3-6,640,7
023420261002,2,3連単,5-3-7,99540,127
023420261002,2,3連複,3-5-7,4730,11
023420261002,2,2車単,5-3,13660,26
023420261002,2,2車複,3-5,8800,14
023420261002,2,ワイド,3-5,680,9
023420261002,2,ワイド,3-7,320,3
023420261002,2,ワイド,5-7,770,11
033420261002,3,3連単,5-1-4,5090,18
033420261002,3,3連複,1-4-5,2250,9
033420261002,3,2車単,5-1,1360,3
033420261002,3,2車複,1-5,1010,4
033420261002,3,ワイド,1-4,690,10
033420261002,3,ワイド,1-5,280,3
033420261002,3,ワイド,4-5,1040,14
043420261002,4,3連単,3-5-1,3560,11
043420261002,4,3連複,1-3-5,860,4
043420261002,4,2車単,3-5,1460,4
043420261002,4,2車複,3-5,1070,5
043420261002,4,ワイド,1-3,280,3
043420261002,4,ワイド,1-5,410,7
043420261002,4,ワイド,3-5,450,8
053420261002,5,3連単,3-5-4,7160,24
053420261002,5,3連複,3-4-5,2860,12
053420261002,5,2車単,3-5,2140,7
053420261002,5,2車複,3-5,1050,5
053420261002,5,ワイド,3-4,700,9
053420261002,5,ワイド,3-5,470,7
053420261002,5,ワイド,4-5,1230,12
063420261002,6,3連単,4-1-5,4150,14
063420261002,6,3連複,1-4-5,330,1
063420261002,6,2車単,4-1,1310,5
063420261002,6,2車複,1-4,570,2
063420261002,6,ワイド,1-4,160,3
063420261002,6,ワイド,1-5,120,1
063420261002,6,ワイド,4-5,240,4
073420261002,7,3連単,2-1-6,9270,32
073420261002,7,3連複,1-2-6,3430,14
073420261002,7,2車単,2-1,1050,3
073420261002,7,2車複,1-2,770,3
073420261002,7,ワイド,1-2,250,2
073420261002,7,ワイド,1-6,640,10
073420261002,7,ワイド,2-6,850,15
083420261002,8,3連単,3-7-4,320,1
083420261002,8,3連複,3-4-7,170,1
083420261002,8,2車単,3-7,200,1
083420261002,8,2車複,3-7,150,1
083420261002,8,ワイド,3-4,120,2
083420261002,8,ワイド,3-7,100,1
083420261002,8,ワイド,4-7,160,3
093420261002,9,3連単,4-6-3,7050,23
093420261002,9,3連複,3-4-6,1990,6
093420261002,9,2車単,4-6,1500,3
093420261002,9,2車複,4-6,890,3
093420261002,9,ワイド,3-4,240,2
093420261002,9,ワイド,3-6,1280,13
093420261002,9,ワイド,4-6,460,6
103420261002,10,3連単,7-5-3,9280,32
103420261002,10,3連複,3-5-7,1050,3
103420261002,10,2車単,7-5,1910,7
103420261002,10,2車複,5-7,1090,5
103420261002,10,ワイド,3-5,350,4
103420261002,10,ワイド,3-7,580,10
103420261002,10,ワイド,5-7,390,6
113420261002,11,3連単,2-6-1,5260,17
113420261002,11,3連複,1-2-6,2990,11
113420261002,11,2車単,2-6,770,3
113420261002,11,2車複,2-6,680,4
113420261002,11,ワイド,1-2,570,8
113420261002,11,ワイド,1-6,1860,20
113420261002,11,ワイド,2-6,300,5
123420261002,12,3連単,1-4-2,61940,84
123420261002,12,3連複,1-2-4,2450,7
123420261002,12,2車単,1-4,7630,14
123420261002,12,2車複,1-4,560,3
123420261002,12,ワイド,1-2,940,12
123420261002,12,ワイド,1-4,220,3
123420261002,12,ワイド,2-4,340,5
014720261002,1,3連単,1-8-5,16030,49
014720261002,1,3連複,1-5-8,7030,28
014720261002,1,2車単,1-8,1910,6
014720261002,1,2車複,1-8,1460,5
014720261002,1,ワイド,1-5,1140,15
014720261002,1,ワイド,1-8,370,4
014720261002,1,ワイド,5-8,3150,27
014720261002,1,枠単,1-6,1070,3
014720261002,1,枠複,1-6,640,3
024720261002,2,3連単,1-4-8,19760,72
024720261002,2,3連複,1-4-8,10260,34
024720261002,2,2車単,1-4,4200,18
024720261002,2,2車複,1-4,3040,11
024720261002,2,ワイド,1-4,770,11
024720261002,2,ワイド,1-8,2300,25
024720261002,2,ワイド,4-8,920,13
024720261002,2,枠単,1-4,2160,11
024720261002,2,枠複,1-4,990,4
034720261002,3,3連単,2-6-9,9780,26
034720261002,3,3連複,2-6-9,3900,13
034720261002,3,2車単,2-6,1670,4
034720261002,3,2車複,2-6,1490,5
034720261002,3,ワイド,2-6,670,7
034720261002,3,ワイド,2-9,400,3
034720261002,3,ワイド,6-9,2110,23
034720261002,3,枠単,2-5,1130,4
034720261002,3,枠複,2-5,760,4
044720261002,4,3連単,1-9-2,2440,6
044720261002,4,3連複,1-2-9,890,3
044720261002,4,2車単,1-9,490,2
044720261002,4,2車複,1-9,440,2
044720261002,4,ワイド,1-2,260,3
044720261002,4,ワイド,1-9,250,2
044720261002,4,ワイド,2-9,560,8
044720261002,4,枠単,1-6,490,2
044720261002,4,枠複,1-6,430,1
054720261002,5,3連単,7-3-9,30550,76
054720261002,5,3連複,3-7-9,4610,16
054720261002,5,2車単,7-3,5810,16
054720261002,5,2車複,3-7,2590,10
054720261002,5,ワイド,3-7,640,8
054720261002,5,ワイド,3-9,1330,14
054720261002,5,ワイド,7-9,470,5
054720261002,5,枠単,5-3,3110,12
054720261002,5,枠複,3-5,1690,7
064720261002,6,3連単,2-1-7,2740,7
064720261002,6,3連複,1-2-7,590,2
064720261002,6,2車単,2-1,1060,6
064720261002,6,2車複,1-2,590,3
064720261002,6,ワイド,1-2,220,1
064720261002,6,ワイド,1-7,350,6
064720261002,6,ワイド,2-7,240,3
064720261002,6,枠単,2-1,950,4
064720261002,6,枠複,1-2,520,3
074720261002,7,3連単,2-7-3,62450,141
074720261002,7,3連複,2-3-7,5020,14
074720261002,7,2車単,2-7,8890,25
074720261002,7,2車複,2-7,3370,11
074720261002,7,ワイド,2-3,1010,14
074720261002,7,ワイド,2-7,950,13
074720261002,7,ワイド,3-7,330,4
074720261002,7,枠単,2-5,8260,25
074720261002,7,枠複,2-5,2750,10
084720261002,8,3連単,4-3-7,66210,149
084720261002,8,3連複,3-4-7,1200,5
084720261002,8,2車単,4-3,41100,45
084720261002,8,2車複,3-4,7090,18
084720261002,8,ワイド,3-4,1210,15
084720261002,8,ワイド,3-7,250,2
084720261002,8,ワイド,4-7,1250,16
084720261002,8,枠単,4-3,10860,30
084720261002,8,枠複,3-4,1950,9
094720261002,9,3連単,1-5-7,910,3
094720261002,9,3連複,1-5-7,400,2
094720261002,9,2車単,1-5,210,1
094720261002,9,2車複,1-5,120,1
094720261002,9,ワイド,1-5,100,1
094720261002,9,ワイド,1-7,350,5
094720261002,9,ワイド,5-7,240,3
094720261002,9,枠単,1-4,190,1
094720261002,9,枠複,1-4,120,1
104720261002,10,3連単,1-9-4,580,1
104720261002,10,3連複,1-4-9,450,2
104720261002,10,2車単,1-9,180,1
104720261002,10,2車複,1-9,160,1
104720261002,10,ワイド,1-4,270,4
104720261002,10,ワイド,1-9,120,1
104720261002,10,ワイド,4-9,350,6
104720261002,10,枠単,1-6,170,1
104720261002,10,枠複,1-6,170,1
114720261002,11,3連単,3-9-5,650,1
114720261002,11,3連複,3-5-9,350,1
114720261002,11,2車単,3-9,290,1
114720261002,11,2車複,3-9,170,1
114720261002,11,ワイド,3-5,230,3
114720261002,11,ワイド,3-9,140,1
114720261002,11,ワイド,5-9,360,8
114720261002,11,枠単,3-6,290,1
114720261002,11,枠複,3-6,150,1
124720261002,12,3連単,5-1-9,370,1
124720261002,12,3連複,1-5-9,170,1
124720261002,12,2車単,5-1,240,2
124720261002,12,2車複,1-5,120,1
124720261002,12,ワイド,1-5,100,1
124720261002,12,ワイド,1-9,160,3
124720261002,12,ワイド,5-9,160,2
124720261002,12,枠単,4-1,260,2
124720261002,12,枠複,1-4,120,1
018320261002,1,3連単,2-6-3,4750,11
018320261002,1,3連複,2-3-6,1320,4
018320261002,1,2車単,2-6,690,3
018320261002,1,2車複,2-6,290,1
018320261002,1,ワイド,2-3,660,11
018320261002,1,ワイド,2-6,180,1
018320261002,1,ワイド,3-6,360,5
028320261002,2,3連単,5-4-1,9640,32
028320261002,2,3連複,1-4-5,730,2
028320261002,2,2車単,5-4,3790,13
028320261002,2,2車複,4-5,1170,5
028320261002,2,ワイド,1-4,260,3
028320261002,2,ワイド,1-5,350,5
028320261002,2,ワイド,4-5,370,6
038320261002,3,3連単,7-1-4,280,1
038320261002,3,3連複,1-4-7,190,1
038320261002,3,2車単,7-1,130,1
038320261002,3,2車複,1-7,130,1
038320261002,3,ワイド,1-4,210,3
038320261002,3,ワイド,1-7,100,1
038320261002,3,ワイド,4-7,230,5
048320261002,4,3連単,1-2-6,970,4
048320261002,4,3連複,1-2-6,320,2
048320261002,4,2車単,1-2,340,2
048320261002,4,2車複,1-2,130,1
048320261002,4,ワイド,1-2,130,1
048320261002,4,ワイド,1-6,220,6
048320261002,4,ワイド,2-6,150,2
058320261002,5,3連単,2-4-6,840,4
058320261002,5,3連複,2-4-6,270,2
058320261002,5,2車単,2-4,440,3
058320261002,5,2車複,2-4,430,3
058320261002,5,ワイド,2-4,150,3
058320261002,5,ワイド,2-6,100,1
058320261002,5,ワイド,4-6,220,5
068320261002,6,3連単,4-6-2,870,5
068320261002,6,3連複,2-4-6,360,2
068320261002,6,2車単,4-6,560,3
068320261002,6,2車複,4-6,530,3
068320261002,6,ワイド,2-4,100,1
068320261002,6,ワイド,2-6,300,6
068320261002,6,ワイド,4-6,160,3
078320261002,7,3連単,1-4-5,1750,5
078320261002,7,3連複,1-4-5,870,4
078320261002,7,2車単,1-4,240,1
078320261002,7,2車複,1-4,150,1
078320261002,7,ワイド,1-4,110,1
078320261002,7,ワイド,1-5,460,9
078320261002,7,ワイド,4-5,450,7
088320261002,8,3連単,5-1-3,7180,14
088320261002,8,3連複,1-3-5,2830,6
088320261002,8,2車単,5-1,1330,6
088320261002,8,2車複,1-5,570,2
088320261002,8,ワイド,1-3,1450,11
088320261002,8,ワイド,1-5,240,3
088320261002,8,ワイド,3-5,1280,10
098320261002,9,3連単,4-5-7,14280,54
098320261002,9,3連複,4-5-7,3610,15
098320261002,9,2車単,4-5,2860,11
098320261002,9,2車複,4-5,1480,6
098320261002,9,ワイド,4-5,390,4
098320261002,9,ワイド,4-7,1090,12
098320261002,9,ワイド,5-7,490,5
108320261002,10,3連単,5-4-3,51270,58
108320261002,10,3連複,3-4-5,7700,13
108320261002,10,2車単,5-4,14670,16
108320261002,10,2車複,4-5,10330,9
108320261002,10,ワイド,3-4,5470,17
108320261002,10,ワイド,3-5,260,2
108320261002,10,ワイド,4-5,2580,11
118320261002,11,3連単,5-1-2,1260,4
118320261002,11,3連複,1-2-5,240,1
118320261002,11,2車単,5-1,610,3
118320261002,11,2車複,1-5,190,1
118320261002,11,ワイド,1-2,200,4
118320261002,11,ワイド,1-5,120,1
118320261002,11,ワイド,2-5,190,3
