race_id,date,venue_id,venue_name,cup_id,cup_name,grade,day_index,race_number,class,race_type,distance,lap,entries_number,start_at,weather,wind_speed,cancel
016320261001,20261001,63,防府,2026092963,ＣＴＣなら３分前まで買える杯,1,3,1,A級,一般,1682,5,6,2026-10-01 08:30,晴れ,0.9,0
026320261001,20261001,63,防府,2026092963,ＣＴＣなら３分前まで買える杯,1,3,2,A級,一般,1682,5,6,2026-10-01 08:50,晴れ,1.0,0
036320261001,20261001,63,防府,2026092963,ＣＴＣなら３分前まで買える杯,1,3,3,A級,一般,1682,5,6,2026-10-01 09:10,晴れ,0.3,0
046320261001,20261001,63,防府,2026092963,ＣＴＣなら３分前まで買える杯,1,3,4,A級,特選,1682,5,7,2026-10-01 09:30,晴れ,0.3,0
056320261001,20261001,63,防府,2026092963,ＣＴＣなら３分前まで買える杯,1,3,5,A級,特選,1682,5,7,2026-10-01 09:50,晴れ,0.4,0
066320261001,20261001,63,防府,2026092963,ＣＴＣなら３分前まで買える杯,1,3,6,A級,特選,1682,5,7,2026-10-01 10:10,晴れ,0.3,0
076320261001,20261001,63,防府,2026092963,ＣＴＣなら３分前まで買える杯,1,3,7,A級,決勝,1682,5,7,2026-10-01 10:30,晴れ,0.3,0
011220261001,20261001,12,青森,2026093012,前検日コメならウィンチケット杯,1,2,1,L級,ガ予２,1625,4,7,2026-10-01 20:49,曇り,1.0,0
021220261001,20261001,12,青森,2026093012,前検日コメならウィンチケット杯,1,2,2,L級,ガ予２,1625,4,7,2026-10-01 21:13,曇り,1.0,0
031220261001,20261001,12,青森,2026093012,前検日コメならウィンチケット杯,1,2,3,A級,特一般,1625,4,7,2026-10-01 21:37,曇り,1.0,0
041220261001,20261001,12,青森,2026093012,前検日コメならウィンチケット杯,1,2,4,A級,特一般,1625,4,7,2026-10-01 22:01,曇り,1.0,0
051220261001,20261001,12,青森,2026093012,前検日コメならウィンチケット杯,1,2,5,A級,準決勝,1625,4,7,2026-10-01 22:27,曇り,1.0,0
061220261001,20261001,12,青森,2026093012,前検日コメならウィンチケット杯,1,2,6,A級,準決勝,1625,4,7,2026-10-01 22:54,曇り,1.0,0
071220261001,20261001,12,青森,2026093012,前検日コメならウィンチケット杯,1,2,7,A級,準決勝,1625,4,7,2026-10-01 23:21,曇り,1.0,0
012220261001,20261001,22,前橋,2026093022,競輪データならＢｅｔｉｍｏ杯,1,2,1,A級,チ一般,1700,5,7,2026-10-01 20:57,晴れ,0.0,0
022220261001,20261001,22,前橋,2026093022,競輪データならＢｅｔｉｍｏ杯,1,2,2,A級,チ一般,1700,5,7,2026-10-01 21:21,晴れ,0.0,0
032220261001,20261001,22,前橋,2026093022,競輪データならＢｅｔｉｍｏ杯,1,2,3,A級,チ選抜,1700,5,7,2026-10-01 21:45,晴れ,0.0,0
042220261001,20261001,22,前橋,2026093022,競輪データならＢｅｔｉｍｏ杯,1,2,4,A級,チ選抜,1700,5,7,2026-10-01 22:09,晴れ,0.0,0
052220261001,20261001,22,前橋,2026093022,競輪データならＢｅｔｉｍｏ杯,1,2,5,A級,チ準決,1700,5,7,2026-10-01 22:36,晴れ,0.0,0
062220261001,20261001,22,前橋,2026093022,競輪データならＢｅｔｉｍｏ杯,1,2,6,A級,チ準決,1700,5,7,2026-10-01 23:03,晴れ,0.0,0
072220261001,20261001,22,前橋,2026093022,競輪データならＢｅｔｉｍｏ杯,1,2,7,A級,チ準決,1700,5,7,2026-10-01 23:30,晴れ,0.0,0
015320261001,20261001,53,奈良,2026093053,オッズパーク杯,1,2,1,A級,チ一般,1682,5,7,2026-10-01 20:41,晴れ,0.1,0
025320261001,20261001,53,奈良,2026093053,オッズパーク杯,1,2,2,A級,チ一般,1682,5,7,2026-10-01 21:05,晴れ,0.1,0
035320261001,20261001,53,奈良,2026093053,オッズパーク杯,1,2,3,A級,チ選抜,1682,5,7,2026-10-01 21:29,晴れ,0.1,0
045320261001,20261001,53,奈良,2026093053,オッズパーク杯,1,2,4,A級,チ選抜,1682,5,7,2026-10-01 21:53,晴れ,0.1,0
055320261001,20261001,53,奈良,2026093053,オッズパーク杯,1,2,5,A級,チ準決,1682,5,7,2026-10-01 22:18,晴れ,0.2,0
065320261001,20261001,53,奈良,2026093053,オッズパーク杯,1,2,6,A級,チ準決,1682,5,7,2026-10-01 22:45,晴れ,0.4,0
075320261001,20261001,53,奈良,2026093053,オッズパーク杯,1,2,7,A級,チ準決,1682,5,7,2026-10-01 23:12,晴れ,0.2,0
018520261001,20261001,85,佐世保,2026093085,けいりんラブ！ラブリン杯,1,2,1,L級,ガ予２,1625,4,7,2026-10-01 08:40,曇り,0.5,0
028520261001,20261001,85,佐世保,2026093085,けいりんラブ！ラブリン杯,1,2,2,L級,ガ予２,1625,4,7,2026-10-01 09:00,曇り,0.5,0
038520261001,20261001,85,佐世保,2026093085,けいりんラブ！ラブリン杯,1,2,3,A級,特一般,1625,4,7,2026-10-01 09:20,曇り,0.5,0
048520261001,20261001,85,佐世保,2026093085,けいりんラブ！ラブリン杯,1,2,4,A級,特一般,1625,4,7,2026-10-01 09:40,晴れ,0.5,0
058520261001,20261001,85,佐世保,2026093085,けいりんラブ！ラブリン杯,1,2,5,A級,準決勝,1625,4,7,2026-10-01 10:00,晴れ,0.5,0
068520261001,20261001,85,佐世保,2026093085,けいりんラブ！ラブリン杯,1,2,6,A級,準決勝,1625,4,7,2026-10-01 10:20,晴れ,1.0,0
078520261001,20261001,85,佐世保,2026093085,けいりんラブ！ラブリン杯,1,2,7,A級,準決勝,1625,4,7,2026-10-01 10:40,曇り,1.0,0
012520261001,20261001,25,大宮,2026100125,スポーツニッポン新聞社杯,2,1,1,A級,予選,1525,3,7,2026-10-01 10:45,晴れ,1.0,0
022520261001,20261001,25,大宮,2026100125,スポーツニッポン新聞社杯,2,1,2,A級,予選,1525,3,7,2026-10-01 11:12,晴れ,1.0,0
032520261001,20261001,25,大宮,2026100125,スポーツニッポン新聞社杯,2,1,3,A級,予選,1525,3,7,2026-10-01 11:40,晴れ,1.0,0
042520261001,20261001,25,大宮,2026100125,スポーツニッポン新聞社杯,2,1,4,A級,予選,1525,3,7,2026-10-01 12:08,晴れ,1.0,0
052520261001,20261001,25,大宮,2026100125,スポーツニッポン新聞社杯,2,1,5,A級,初特選,1525,3,7,2026-10-01 12:36,晴れ,1.0,0
062520261001,20261001,25,大宮,2026100125,スポーツニッポン新聞社杯,2,1,6,S級,予選,2025,4,7,2026-10-01 13:04,晴れ,1.0,0
072520261001,20261001,25,大宮,2026100125,スポーツニッポン新聞社杯,2,1,7,S級,予選,2025,4,7,2026-10-01 13:32,晴れ,2.0,0
082520261001,20261001,25,大宮,2026100125,スポーツニッポン新聞社杯,2,1,8,S級,予選,2025,4,7,2026-10-01 14:01,晴れ,2.0,0
092520261001,20261001,25,大宮,2026100125,スポーツニッポン新聞社杯,2,1,9,S級,予選,2025,4,7,2026-10-01 14:31,晴れ,1.0,0
102520261001,20261001,25,大宮,2026100125,スポーツニッポン新聞社杯,2,1,10,S級,予選,2025,4,7,2026-10-01 15:01,晴れ,1.0,0
112520261001,20261001,25,大宮,2026100125,スポーツニッポン新聞社杯,2,1,11,S級,予選,2025,4,7,2026-10-01 15:32,晴れ,1.0,0
122520261001,20261001,25,大宮,2026100125,スポーツニッポン新聞社杯,2,1,12,S級,初特選,2025,4,7,2026-10-01 16:03,晴れ,1.0,0
013420261001,20261001,34,川崎,2026100134,サンスポ杯 ラ・ピスタ新橋Ｃ,2,1,1,A級,予選,1625,4,7,2026-10-01 15:55,晴れ,1.0,0
023420261001,20261001,34,川崎,2026100134,サンスポ杯 ラ・ピスタ新橋Ｃ,2,1,2,A級,予選,1625,4,7,2026-10-01 16:18,晴れ,1.0,0
033420261001,20261001,34,川崎,2026100134,サンスポ杯 ラ・ピスタ新橋Ｃ,2,1,3,A級,予選,1625,4,7,2026-10-01 16:42,晴れ,1.0,0
043420261001,20261001,34,川崎,2026100134,サンスポ杯 ラ・ピスタ新橋Ｃ,2,1,4,A級,予選,1625,4,7,2026-10-01 17:06,晴れ,1.0,0
053420261001,20261001,34,川崎,2026100134,サンスポ杯 ラ・ピスタ新橋Ｃ,2,1,5,A級,初特選,1625,4,7,2026-10-01 17:30,晴れ,1.0,0
063420261001,20261001,34,川崎,2026100134,サンスポ杯 ラ・ピスタ新橋Ｃ,2,1,6,S級,予選,2025,5,7,2026-10-01 17:54,晴れ,1.0,0
073420261001,20261001,34,川崎,2026100134,サンスポ杯 ラ・ピスタ新橋Ｃ,2,1,7,S級,予選,2025,5,7,2026-10-01 18:18,晴れ,1.5,0
083420261001,20261001,34,川崎,2026100134,サンスポ杯 ラ・ピスタ新橋Ｃ,2,1,8,S級,予選,2025,5,7,2026-10-01 18:43,晴れ,1.5,0
093420261001,20261001,34,川崎,2026100134,サンスポ杯 ラ・ピスタ新橋Ｃ,2,1,9,S級,予選,2025,5,7,2026-10-01 19:09,晴れ,1.0,0
103420261001,20261001,34,川崎,2026100134,サンスポ杯 ラ・ピスタ新橋Ｃ,2,1,10,S級,予選,2025,5,7,2026-10-01 19:35,晴れ,1.0,0
113420261001,20261001,34,川崎,2026100134,サンスポ杯 ラ・ピスタ新橋Ｃ,2,1,11,S級,予選,2025,5,7,2026-10-01 20:02,晴れ,1.0,0
123420261001,20261001,34,川崎,2026100134,サンスポ杯 ラ・ピスタ新橋Ｃ,2,1,12,S級,初特選,2025,5,7,2026-10-01 20:30,晴れ,1.0,0
014720261001,20261001,47,松阪,2026100147,蒲生氏郷杯王座競輪,3,1,1,S級,一予選,2025,5,9,2026-10-01 10:58,晴れ,2.0,0
024720261001,20261001,47,松阪,2026100147,蒲生氏郷杯王座競輪,3,1,2,S級,一予選,2025,5,9,2026-10-01 11:26,晴れ,2.0,0
034720261001,20261001,47,松阪,2026100147,蒲生氏郷杯王座競輪,3,1,3,S級,一予選,2025,5,9,2026-10-01 11:54,晴れ,2.2,0
044720261001,20261001,47,松阪,2026100147,蒲生氏郷杯王座競輪,3,1,4,S級,一予選,2025,5,9,2026-10-01 12:22,晴れ,2.2,0
054720261001,20261001,47,松阪,2026100147,蒲生氏郷杯王座競輪,3,1,5,S級,一予選,2025,5,9,2026-10-01 12:50,晴れ,2.0,0
064720261001,20261001,47,松阪,2026100147,蒲生氏郷杯王座競輪,3,1,6,S級,一予選,2025,5,9,2026-10-01 13:18,晴れ,1.8,0
074720261001,20261001,47,松阪,2026100147,蒲生氏郷杯王座競輪,3,1,7,S級,一予選,2025,5,9,2026-10-01 13:46,晴れ,1.5,0
084720261001,20261001,47,松阪,2026100147,蒲生氏郷杯王座競輪,3,1,8,S級,一予選,2025,5,9,2026-10-01 14:16,晴れ,1.5,0
094720261001,20261001,47,松阪,2026100147,蒲生氏郷杯王座競輪,3,1,9,S級,一予選,2025,5,9,2026-10-01 14:46,晴れ,2.0,0
104720261001,20261001,47,松阪,2026100147,蒲生氏郷杯王座競輪,3,1,10,S級,一予選,2025,5,9,2026-10-01 15:16,晴れ,2.2,0
114720261001,20261001,47,松阪,2026100147,蒲生氏郷杯王座競輪,3,1,11,S級,一予選,2025,5,9,2026-10-01 15:48,晴れ,1.8,0
124720261001,20261001,47,松阪,2026100147,蒲生氏郷杯王座競輪,3,1,12,S級,初特選,2025,5,9,2026-10-01 16:25,晴れ,1.5,0
018320261001,20261001,83,久留米,2026100183,競輪データならＢｅｔｉｍｏ杯,1,1,1,A級,チ予選,1625,4,7,2026-10-01 16:10,晴れ,1.0,0
028320261001,20261001,83,久留米,2026100183,競輪データならＢｅｔｉｍｏ杯,1,1,2,A級,チ予選,1625,4,7,2026-10-01 16:32,晴れ,1.0,0
038320261001,20261001,83,久留米,2026100183,競輪データならＢｅｔｉｍｏ杯,1,1,3,A級,チ予選,1625,4,7,2026-10-01 16:54,晴れ,1.0,0
048320261001,20261001,83,久留米,2026100183,競輪データならＢｅｔｉｍｏ杯,1,1,4,A級,チ予選,1625,4,7,2026-10-01 17:18,晴れ,1.0,0
058320261001,20261001,83,久留米,2026100183,競輪データならＢｅｔｉｍｏ杯,1,1,5,L級,ガ予１,1625,4,7,2026-10-01 17:42,晴れ,1.0,0
068320261001,20261001,83,久留米,2026100183,競輪データならＢｅｔｉｍｏ杯,1,1,6,L級,ガ予１,1625,4,7,2026-10-01 18:06,晴れ,1.0,0
078320261001,20261001,83,久留米,2026100183,競輪データならＢｅｔｉｍｏ杯,1,1,7,A級,特予選,1625,4,7,2026-10-01 18:30,晴れ,1.0,0
088320261001,20261001,83,久留米,2026100183,競輪データならＢｅｔｉｍｏ杯,1,1,8,A級,特予選,1625,4,7,2026-10-01 18:56,晴れ,1.0,0
098320261001,20261001,83,久留米,2026100183,競輪データならＢｅｔｉｍｏ杯,1,1,9,A級,特予選,1625,4,7,2026-10-01 19:22,晴れ,1.0,0
108320261001,20261001,83,久留米,2026100183,競輪データならＢｅｔｉｍｏ杯,1,1,10,A級,特予選,1625,4,7,2026-10-01 19:48,晴れ,1.0,0
118320261001,20261001,83,久留米,2026100183,競輪データならＢｅｔｉｍｏ杯,1,1,11,A級,初特選,1625,4,7,2026-10-01 20:16,晴れ,1.0,0
